epoch,train_loss,dev_acc,dev_f1
1,0.6050030289934232,0.7367416207042851,0.7250166186572125
2,0.31338612728393994,0.7551972846839202,0.7601828761429759
3,0.16315230024441216,0.7562579550275774,0.7607745159275453
4,0.08150934658246115,0.7592278319898176,0.7630974744312252
5,0.03678549405456019,0.7649554518455663,0.7610008628127696
