epoch,train_loss,dev_acc,dev_f1
1,0.7145283482968807,0.518348623853211,0.1322314049586777
2,0.6637139171361923,0.591743119266055,0.6509803921568628
3,0.5509855300188065,0.5688073394495413,0.6328125
4,0.45098965242505074,0.6284403669724771,0.6301369863013698
