epoch,train_loss,dev_acc,dev_f1
1,0.7178281024098396,0.481651376146789,0.2097902097902098
2,0.6743987947702408,0.5137614678899083,0.6558441558441559
3,0.6332247741520405,0.5137614678899083,0.4803921568627451
4,0.5857562236487865,0.5091743119266054,0.5023255813953489
