epoch,train_loss,dev_acc,dev_f1
1,0.69325509108603,0.5137614678899083,0.6708074534161491
2,0.6861734688282013,0.6192660550458715,0.484472049689441
3,0.6162379831075668,0.5871559633027523,0.6830985915492958
4,0.5044168923050165,0.5688073394495413,0.6845637583892618
5,0.4487092914059758,0.6422018348623854,0.7132352941176471
