epoch,train_loss,dev_acc,dev_f1
1,0.7181730773299932,0.5596330275229358,0.6756756756756757
2,0.5454038195312023,0.6880733944954128,0.7443609022556391
3,0.3633888470940292,0.6743119266055045,0.7300380228136882
4,0.2016571091953665,0.6926605504587156,0.7172995780590717
