epoch,train_loss,dev_acc,dev_f1
1,0.670995244756341,0.6055045871559633,0.6293103448275862
2,0.5246055936440825,0.6146788990825688,0.6146788990825688
3,0.3562443102709949,0.6284403669724771,0.6920152091254753
4,0.21545766643248498,0.6376146788990825,0.6694560669456067
5,0.14196033612824976,0.6422018348623854,0.680327868852459
