epoch,train_loss,dev_acc,dev_f1
1,0.2842744819289015,0.8540517607127704,0.8582612278533168
2,0.03791009186979839,0.8512940178192617,0.8511993207386966
3,0.011783281552059693,0.8430207891387357,0.8521183053557154
