epoch,train_loss,dev_acc,dev_f1
1,0.6858105240389705,0.5779816513761468,0.6198347107438017
