word,model,acc,f1
অর্থ,ensemble-6-wfe,0.7142857142857143,0.692652329749104
