word,model,acc,f1
এঁটে,ensemble-6-wfe,0.9444444444444444,0.9441379310344827
