word,model,acc,f1
কপাল,ensemble-6-wfe,0.6082474226804123,0.6082057823129252
