word,model,acc,f1
কাটা,ensemble-6-wfe,0.8673469387755102,0.8666666666666667
