word,model,acc,f1
গুলি,ensemble-6-wfe,0.6415094339622641,0.6379578754578755
