word,model,acc,f1
গভীর,ensemble-6-wfe,0.7941176470588235,0.7895667550839964
