word,model,acc,f1
ঘোর,ensemble-6-wfe,0.9651162790697675,0.964997964997965
