word,model,acc,f1
চাবি,ensemble-6-wfe,0.9278350515463918,0.9252614199229499
