word,model,acc,f1
ঝোলা,ensemble-6-wfe,0.9662921348314607,0.9662921348314607
