word,model,acc,f1
ঠান্ডা,ensemble-6-wfe,0.9295774647887324,0.9281521959117587
