word,model,acc,f1
ডাক,ensemble-6-wfe,0.9774436090225563,0.9753303303303303
