word,model,acc,f1
তুলা,ensemble-6-wfe,0.9464285714285714,0.9465058300836194
