word,model,acc,f1
তাড়া,ensemble-6-wfe,0.9655172413793104,0.9635932487097224
