word,model,acc,f1
দাঁড়া,ensemble-6-wfe,0.524390243902439,0.5250102901655337
