word,model,acc,f1
দল,ensemble-6-wfe,0.9809523809523809,0.980909090909091
