word,model,acc,f1
দম,ensemble-6-wfe,0.7339449541284404,0.7398036873052686
