word,model,acc,f1
ধরা,ensemble-6-wfe,0.9765625,0.9754710954966463
