word,model,acc,f1
ধন,ensemble-6-wfe,0.7108433734939759,0.7087719298245614
