word,model,acc,f1
পাড়া,ensemble-6-wfe,0.6850393700787402,0.6640337847677297
