word,model,acc,f1
পালা,ensemble-6-wfe,0.9777777777777777,0.9763655462184874
