word,model,acc,f1
পর,ensemble-6-wfe,0.9659090909090909,0.9651485148514851
