word,model,acc,f1
পিচ,ensemble-6-wfe,0.9847328244274809,0.9844253490870032
