word,model,acc,f1
পদ,ensemble-6-wfe,0.5986394557823129,0.5242870971580366
