word,model,acc,f1
পাকা,ensemble-6-wfe,0.9347826086956522,0.9327485380116959
