word,model,acc,f1
পটল,ensemble-6-wfe,0.9428571428571428,0.9424342105263157
