word,model,acc,f1
বিন্দু,ensemble-6-wfe,0.6075949367088608,0.5861078249112726
