word,model,acc,f1
বর্ণ,ensemble-6-wfe,0.9675324675324676,0.9682194773581457
