word,model,acc,f1
মাটি,ensemble-6-wfe,0.9404761904761905,0.93943763518385
