word,model,acc,f1
মধু,ensemble-6-wfe,0.9473684210526315,0.9471079492731209
