word,model,acc,f1
মাথা,ensemble-6-wfe,0.8677685950413223,0.864682695581572
