word,model,acc,f1
মুখ,ensemble-6-wfe,0.8490566037735849,0.8310713613104612
