word,model,acc,f1
রূপ,ensemble-6-wfe,0.9456521739130435,0.945645752097365
