word,model,acc,f1
হাত,ensemble-6-wfe,0.9431818181818182,0.9429977976421817
