epoch,train_loss,dev_acc,dev_f1
1,0.5563586893025786,0.6788990825688074,0.7426470588235294
2,0.20334175815005437,0.6972477064220184,0.7317073170731707
3,0.06095030084843529,0.6880733944954128,0.7384615384615385
