epoch,train_loss,dev_acc,dev_f1
1,0.701874379068613,0.5045871559633027,0.4807692307692308
2,0.6650521010160446,0.5504587155963303,0.5148514851485149
3,0.6124426908791065,0.573394495412844,0.5373134328358209
4,0.5316012017428875,0.5825688073394495,0.6026200873362445
5,0.4328459966927767,0.573394495412844,0.5938864628820961
