epoch,train_loss,dev_acc,dev_f1
1,0.2852280880485617,0.8729316928298685,0.8709329885800474
2,0.021637981891810914,0.8602036487059822,0.8552602679551944
3,0.006884959181198589,0.8752651675859143,0.8772954924874792
4,0.002694640756253586,0.8801442511667373,0.880927291886196
5,0.0006239936829818648,0.882901994060246,0.8848560700876095
