epoch,train_loss,dev_acc,dev_f1
1,0.5644445476641358,0.7950784896054306,0.8168373151308305
2,0.26613459015895563,0.8563852354688163,0.8579223504721931
3,0.14788130139565828,0.8570216376750106,0.8597586350395339
4,0.08130624018101137,0.8619007212558337,0.863321436069704
5,0.0475609371797293,0.8646584641493423,0.8665271966527197
