epoch,train_loss,dev_acc,dev_f1
1,0.6360091963181129,0.7566822231650403,0.7623782887922105
2,0.4426867402402254,0.7804412388629614,0.7946021035919826
3,0.24905523961839768,0.7885023334747561,0.7977277338202475
4,0.13325736264698207,0.8046245226983454,0.8066344740709637
5,0.06861336988253662,0.8088672040729741,0.8085829615466327
