epoch,train_loss,dev_acc,dev_f1
1,0.49525725693659794,0.8377174374204497,0.8299622138252946
2,0.18022712156736798,0.8691132795927026,0.8665945945945946
3,0.06912206597991316,0.8663555366991939,0.8688592839300583
4,0.02900416078834536,0.8720831565549427,0.8720560152768937
5,0.01316002395754,0.87462876537972,0.8733118971061093
