epoch,train_loss,dev_acc,dev_f1
1,0.661845311545444,0.7358930844293593,0.7353878852284803
2,0.47441199015487323,0.8010182435299109,0.7971453287197232
3,0.29783260799335953,0.8254136614340263,0.8216684723726977
4,0.20622821428880486,0.8421722528638099,0.8448060075093867
5,0.1515980252023149,0.840263046245227,0.8402291534054742
