epoch,train_loss,dev_acc,dev_f1
1,0.6932080797851086,0.4954128440366973,0.0
2,0.693034328520298,0.5045871559633027,0.6666666666666666
3,0.6927240304648876,0.5504587155963303,0.5882352941176471
4,0.691949225962162,0.5963302752293578,0.38028169014084506
