epoch,train_loss,dev_acc,dev_f1
1,0.6872155257371756,0.6860415782774714,0.6042780748663101
2,0.5550818436879378,0.7810776410691557,0.7625402669121031
3,0.3981757419384443,0.8065337293169283,0.808
4,0.2852237467123912,0.8003818413237166,0.8092438678289073
5,0.2207763413282541,0.8124734832414086,0.813107822410148
