epoch,train_loss,dev_acc,dev_f1
1,0.6743080718700702,0.6654645736105218,0.6992180049589929
2,0.4944979182573465,0.7484089944845143,0.7641209228321401
3,0.29648555487394335,0.7679253288078065,0.7798792756539236
4,0.19420468585422407,0.7706830717013152,0.7855584209482246
5,0.14051752576604484,0.7810776410691557,0.7850895460224906
