epoch,train_loss,dev_acc,dev_f1
1,0.6888824620594581,0.5275229357798165,0.5422222222222223
2,0.5337686988835534,0.5642201834862385,0.6468401486988847
3,0.3177256078148882,0.6055045871559633,0.6884057971014492
4,0.19152228732127696,0.6605504587155964,0.7218045112781954
5,0.10524635690186794,0.6605504587155964,0.7109375
