epoch,train_loss,dev_acc,dev_f1
1,0.6207089169882238,0.6238532110091743,0.7028985507246377
2,0.28610723167657853,0.6238532110091743,0.7007299270072993
3,0.15347595806815661,0.6422018348623854,0.7153284671532847
4,0.10479811406112276,0.6238532110091743,0.7248322147651006
5,0.08187939651543275,0.6330275229357798,0.7241379310344828
