epoch,train_loss,dev_acc,dev_f1
1,0.6527515646691123,0.6055045871559633,0.6971830985915493
2,0.3875680168469747,0.6467889908256881,0.6882591093117408
3,0.15715175277243057,0.6651376146788991,0.7068273092369478
4,0.05855978144245455,0.6651376146788991,0.7245283018867924
