epoch,train_loss,dev_acc,dev_f1
1,0.6670153667218983,0.6422018348623854,0.61
2,0.38048544083721936,0.6743119266055045,0.714859437751004
3,0.16233777609886602,0.6513761467889908,0.696
4,0.07019408555788686,0.6605504587155964,0.7063492063492064
