epoch,train_loss,dev_acc,dev_f1
1,0.4503198249829946,0.7863809927874417,0.7846910412657686
2,0.15831672699576993,0.7950784896054306,0.7934131736526946
3,0.05866450269060249,0.8054730589732711,0.8030921193901653
4,0.021002118103905423,0.7995333050487908,0.8047117172969622
5,0.007321491084690953,0.8035638523546882,0.8088356729975227
