epoch,train_loss,dev_acc,dev_f1
1,0.5921098421598987,0.7649554518455663,0.7464530892448512
2,0.33994028264963755,0.8035638523546882,0.8048883270122208
3,0.21392475941953162,0.8065337293169283,0.7966101694915254
4,0.14587140178059635,0.81268561731014,0.8076671749074276
5,0.10486878251182619,0.81268561731014,0.8082519001085776
