epoch,train_loss,dev_acc,dev_f1
1,0.5924777382286266,0.6100917431192661,0.6351931330472103
2,0.24002754368411844,0.6100917431192661,0.6863468634686347
3,0.11597359945280913,0.6146788990825688,0.7
4,0.06909913078134196,0.6284403669724771,0.7216494845360825
5,0.029270544173959932,0.6376146788990825,0.7228070175438597
