epoch,train_loss,dev_acc,dev_f1
1,0.510536239708651,0.7965634280865507,0.7821939586645469
2,0.22924638757770832,0.8095036062791684,0.8067154541541111
3,0.14107593400711724,0.8302927450148494,0.8284734133790738
4,0.07294793017269387,0.8338990241832839,0.8383233532934131
5,0.040400707569377345,0.8360203648705982,0.8387231379094513
