epoch,train_loss,dev_acc,dev_f1
1,0.6689917780458927,0.5642201834862385,0.2857142857142857
2,0.46906585595570505,0.6192660550458715,0.5990338164251208
3,0.2375451911939308,0.6284403669724771,0.6367713004484304
4,0.10533600737107918,0.6376146788990825,0.6519823788546255
5,0.043264218387776054,0.6330275229357798,0.6666666666666666
