epoch,train_loss,dev_acc,dev_f1
1,0.7057857625186443,0.45871559633027525,0.32954545454545453
2,0.6717136297374964,0.5045871559633027,0.5423728813559322
3,0.6183949429541826,0.481651376146789,0.549800796812749
4,0.5576043035835028,0.518348623853211,0.5783132530120482
5,0.4954634979367256,0.5137614678899083,0.6015037593984962
