epoch,train_loss,dev_acc,dev_f1
1,0.5804080662700722,0.8022910479422996,0.8130766145206578
2,0.260326499618785,0.8425965210012728,0.8436578171091446
3,0.1340395522265134,0.8551124310564276,0.8586799089592385
4,0.07243812292140157,0.8555366991938905,0.8504282890401933
5,0.032317291247354926,0.8582944420873992,0.8584745762711864
