epoch,train_loss,dev_acc,dev_f1
1,0.5921009530202818,0.7683495969452694,0.7762295081967213
2,0.2871390016970493,0.8317776834959695,0.8361231659433768
3,0.14384414285996452,0.84365719134493,0.8464263388205876
4,0.058249209057869754,0.8498090793381418,0.8526228143213989
5,0.019394713470686564,0.8476877386508274,0.8509755085097551
