epoch,train_loss,dev_acc,dev_f1
1,0.3977860669811929,0.8474756045820959,0.8531154239019407
2,0.09736241493975638,0.8729316928298685,0.8768250051408596
3,0.0201538278448822,0.8648705982180738,0.8722166499498496
4,0.007681749296554564,0.8782350445481545,0.8815517952950888
5,0.001107680527966552,0.8792957148918116,0.8839012446439503
