epoch,train_loss,dev_acc,dev_f1
1,0.7120543951168656,0.48623853211009177,0.4563106796116505
2,0.6612585955299437,0.6513761467889908,0.6545454545454545
3,0.49208723520860076,0.6376146788990825,0.6926070038910506
4,0.29063988861162215,0.6697247706422018,0.7
5,0.1508234977372922,0.6651376146788991,0.7068273092369478
