epoch,train_loss,dev_acc,dev_f1
1,0.6990969628095627,0.4908256880733945,0.5276595744680851
2,0.593549370765686,0.4908256880733945,0.5394190871369294
3,0.5741781294345856,0.5091743119266054,0.5244444444444445
4,0.46964767575263977,0.518348623853211,0.467005076142132
