epoch,train_loss,dev_acc,dev_f1
1,0.6931872852146626,0.5,0.6666666666666666
2,0.6927829664200544,0.5596330275229358,0.6363636363636364
3,0.6888587139546871,0.591743119266055,0.44025157232704404
