epoch,train_loss,dev_acc,dev_f1
1,0.7558579444885254,0.5504587155963303,0.51
2,0.6943156123161316,0.5412844036697247,0.45652173913043476
3,0.6678876131772995,0.5,0.47342995169082125
