epoch,train_loss,dev_acc,dev_f1
1,0.5391488071582717,0.7602885023334748,0.7353629976580797
2,0.2399033649361051,0.7764106915570641,0.7846342460155292
3,0.12045524639768264,0.7719558761137039,0.7623258898960866
4,0.0671471232177585,0.7812897751378871,0.7676357899481632
