epoch,train_loss,dev_acc,dev_f1
1,0.6934519410133362,0.5,0.6666666666666666
2,0.6928558945655823,0.5,0.6666666666666666
3,0.6929227709770203,0.5,0.6666666666666666
