epoch,train_loss,dev_acc,dev_f1
1,0.6926238536834717,0.5779816513761468,0.3235294117647059
2,0.6280741350104412,0.6192660550458715,0.6770428015564203
3,0.46031226124614477,0.6834862385321101,0.7396226415094339
4,0.33731737080961466,0.6422018348623854,0.7089552238805971
5,0.2733384541546305,0.6422018348623854,0.6976744186046512
