epoch,train_loss,dev_acc,dev_f1
1,0.22253612096057165,0.8022910479422996,0.8168958742632613
2,0.0229822981374735,0.8063215952481969,0.8066087693285321
3,0.007053596723545465,0.8128977513788714,0.8200734394124847
4,0.0024842721854755655,0.8016546457361052,0.8176321435537351
5,0.0009363049590982306,0.8105642766228256,0.8217920574735582
