epoch,train_loss,dev_acc,dev_f1
1,0.3921246987396425,0.7863809927874417,0.7711883662803908
2,0.10217710871892564,0.8037759864234196,0.8103342218576994
3,0.0308534936818706,0.810776410691557,0.8150912106135987
4,0.015007641233440243,0.81268561731014,0.815619127166423
5,0.0036950076116654997,0.8158676283411116,0.8195426195426195
