epoch,train_loss,dev_acc,dev_f1
1,0.4617913258244027,0.8423843869325414,0.836451683909311
2,0.15449661011401916,0.8606279168434451,0.861187407563913
3,0.06076146658199544,0.872719558761137,0.8705222270176953
4,0.02420522177851274,0.8716588884174798,0.8723897911832946
5,0.007899262524440951,0.8731438268985999,0.8748953974895397
