epoch,train_loss,dev_acc,dev_f1
1,0.521237826347351,0.5321100917431193,0.6792452830188679
2,0.1670625472754182,0.6697247706422018,0.7096774193548387
3,0.05488447262828231,0.6788990825688074,0.7222222222222222
4,0.022072867485280766,0.6467889908256881,0.72
5,0.010328959077537548,0.6467889908256881,0.72
