epoch,train_loss,dev_acc,dev_f1
1,0.4880534885444017,0.8209588459906662,0.8281059063136457
2,0.17216266674962924,0.847051336444633,0.8483063328424153
3,0.059021911634755723,0.8580823080186678,0.8597190186621934
4,0.012241553956659105,0.857233771743742,0.8595282821957838
5,0.003314011952447389,0.8578701739499364,0.8625359048009849
