epoch,train_loss,dev_acc,dev_f1
1,0.65481055525633,0.71828595672465,0.7002257336343115
2,0.4339965848624706,0.7861688587187102,0.7783641160949868
3,0.24416629935686404,0.799109036911328,0.7975197776352363
4,0.13568814176636246,0.8020789138735681,0.7987923226223852
5,0.06913695965392085,0.8112006788290199,0.8103154305200341
