epoch,train_loss,dev_acc,dev_f1
1,0.4667353764296076,0.8154433602036487,0.8098776223776224
2,0.18474665544654786,0.8260500636402206,0.8285236302802175
3,0.08569745840688442,0.8375053033517182,0.8443089430894309
4,0.0385530039679605,0.8502333474756045,0.8552685526855268
5,0.013341157172861664,0.8464149342384387,0.8499170812603648
