epoch,train_loss,dev_acc,dev_f1
1,0.6872902577742934,0.5045871559633027,0.6687116564417178
2,0.6039416142739356,0.5688073394495413,0.6642857142857143
3,0.45225647604092956,0.6192660550458715,0.6028708133971292
