epoch,train_loss,dev_acc,dev_f1
1,0.6947530806064606,0.5045871559633027,0.6687116564417178
2,0.6173178646713495,0.6192660550458715,0.6103286384976526
3,0.44958846643567085,0.6238532110091743,0.6940298507462687
4,0.3373484080657363,0.6788990825688074,0.7083333333333334
5,0.2548235571011901,0.6605504587155964,0.7016129032258065
