epoch,train_loss,dev_acc,dev_f1
1,0.7019382417201996,0.5,0.6175438596491228
2,0.6851351708173752,0.536697247706422,0.5120772946859904
3,0.6500337868928909,0.47706422018348627,0.16176470588235295
