epoch,train_loss,dev_acc,dev_f1
1,0.7247989811003208,0.4908256880733945,0.42487046632124353
2,0.6992822121828794,0.48623853211009177,0.5757575757575758
3,0.6790292970836163,0.5,0.5477178423236515
4,0.5804502917453647,0.573394495412844,0.6141078838174274
5,0.45636255387216806,0.5642201834862385,0.6090534979423868
