epoch,train_loss,dev_acc,dev_f1
1,0.7064127177000046,0.6100917431192661,0.48484848484848486
2,0.5554444044828415,0.5779816513761468,0.603448275862069
3,0.47653550654649734,0.5642201834862385,0.6494464944649446
4,0.4540535882115364,0.6055045871559633,0.6475409836065574
5,0.4133398234844208,0.6055045871559633,0.6260869565217392
