epoch,train_loss,dev_acc,dev_f1
1,0.219932843030126,0.9005091217649555,0.8996791443850267
2,0.01874266518855825,0.8871446754348749,0.8915171288743883
3,0.0070287985843417045,0.8930844293593551,0.893581081081081
