epoch,train_loss,dev_acc,dev_f1
1,0.39616626374684466,0.8510818837505303,0.8598242811501597
2,0.10279285231845185,0.8739923631735257,0.8748419721871049
3,0.029301350035685295,0.8756894357233772,0.8774058577405858
4,0.012889674517196362,0.8689011455239711,0.8709812108559499
5,0.005125682353731355,0.8731438268985999,0.874422511549769
