epoch,train_loss,dev_acc,dev_f1
1,0.4836364555172622,0.6559633027522935,0.7330960854092526
2,0.1594610114254465,0.6743119266055045,0.7171314741035857
3,0.05854958717550289,0.6926605504587156,0.7490636704119851
4,0.01978523394129752,0.6926605504587156,0.7452471482889734
5,0.00876241993697704,0.6880733944954128,0.75
