epoch,train_loss,dev_acc,dev_f1
1,0.22774285720364335,0.8680526092490454,0.8763910969793323
2,0.022979278930740695,0.8608400509121765,0.8655186551865519
3,0.009425650140016497,0.8807806533729317,0.8854930725346374
4,0.0029304168821970965,0.8839626644039033,0.8883445601143091
5,2.8729948915946934e-06,0.8862961391599491,0.8894389438943895
