epoch,train_loss,dev_acc,dev_f1
1,0.6393700785314044,0.6422018348623854,0.6976744186046512
2,0.3248907045150797,0.6559633027522935,0.714828897338403
3,0.14535400030824044,0.6605504587155964,0.6991869918699187
4,0.05491441432544283,0.6834862385321101,0.7206477732793523
5,0.018327929288110074,0.6697247706422018,0.7
